49,Porter York,1987-11-06,Male,Peru,2020-09-13 13:43:22
40,Eugenia Prince,1986-04-22,Male,Chile,2020-10-12 08:59:57
45,Jameson Lindsay,1997-10-22,Male,Chile,2020-03-16 02:39:45
13,Macon Poole,2010-03-17,Male,India,2020-01-13 01:37:13
18,Reuben Bernard,1987-01-28,Male,Canada,2020-05-17 05:29:39
42,Keith Malone,1986-04-14,Male,Canada,2020-07-27 19:57:39
25,Hayfa Guy,2010-05-05,Male,France,2020-03-21 14:57:14
33,Jeremy Drake,1985-06-19,Male,France,2020-06-12 14:27:32
43,Zephania Hernandez,2007-11-08,Male,France,2020-08-15 15:48:22
8,Ignatius Hood,1988-07-18,Male,Mexico,2020-08-24 06:39:59
6,Brian Rodgers,1992-08-15,Male,Norway,2020-07-13 08:19:48
37,Samson Barker,2007-04-12,Male,Norway,2020-06-07 05:15:26
27,George Barnett,1984-06-30,Male,Turkey,2020-02-05 11:10:41
2,Adam Alvarez,2014-11-25,Male,Austria,2020-04-29 05:02:28
41,Belle Hill,1996-05-24,Male,Austria,2020-07-29 02:11:56
46,Adam Battle,2008-04-29,Male,Austria,2020-09-05 13:30:02
4,Giacomo Atkins,1994-09-22,Male,Germany,2020-03-23 23:47:21
9,Merritt Eaton,1996-09-09,Male,Ireland,2020-11-30 20:34:58
23,Karina Chang,2008-09-08,Male,Ireland,2020-11-06 04:21:58
36,Cara Hubbard,2002-03-16,Male,Ireland,2020-03-05 07:37:15
28,Mollie Christensen,2006-12-21,Male,Vietnam,2020-09-13 14:11:12
30,Uriel Graham,1996-06-08,Male,Vietnam,2020-07-20 13:53:04
12,Jameson Pitts,1989-03-22,Male,Colombia,2020-06-23 15:35:26
3,Cyrus Robbins,1985-05-22,Male,Indonesia,2020-12-22 15:34:31
5,Morgan Chase,1993-10-14,Male,Indonesia,2020-09-13 17:57:52
16,Knox Atkinson,1998-11-10,Male,Costa Rica,2020-06-20 15:55:27
38,Ulric Davenport,2013-05-25,Male,South Korea,2020-02-19 18:57:50
17,Elmo Nixon,2002-01-29,Male,United States,2020-04-07 08:35:29
22,Amir Serrano,1986-06-30,Male,Russian Federation,2020-05-01 00:53:18
20,Britanni Sharpe,2002-01-07,Female,India,2020-01-25 18:44:09
48,Daquan Sanchez,2010-12-09,Female,Spain,2020-07-01 20:16:13
19,Scott Dotson,2014-01-22,Female,Brazil,2020-09-30 01:28:35
32,Owen Stuart,1987-07-18,Female,Norway,2020-12-10 14:46:15
50,Dawn Keller,2009-05-11,Female,Norway,2020-02-13 06:31:23
29,Patrick Butler,2004-12-07,Female,Belgium,2020-03-08 11:44:58
7,Tasha Baxter,1992-05-26,Female,Ukraine,2020-05-16 12:57:20
31,Zeph Murphy,2006-11-28,Female,Ukraine,2020-08-11 01:50:35
44,Edan Zamora,1984-11-10,Female,Ukraine,2020-06-28 10:04:44
39,Hasad Mclean,1986-01-16,Female,Vietnam,2020-01-28 11:45:15
14,Aimee Duncan,2014-11-04,Female,Australia,2020-06-05 20:55:06
15,Hilda Beach,2007-08-18,Female,Australia,2020-07-09 06:01:26
11,Cheryl Wheeler,2005-04-07,Female,Indonesia,2020-11-11 22:49:27
26,Damon Brown,2014-08-31,Female,Indonesia,2020-06-15 21:24:56
24,Keefe Whitley,2009-11-01,Female,Costa Rica,2020-01-05 05:20:18
34,Lunea Sutton,2002-10-10,Female,Netherlands,2020-09-16 08:16:52
1,Colleen Rollins,1989-11-28,Female,New Zealand,2020-01-21 07:05:07
10,Whilemina Nielsen,1996-07-20,Female,New Zealand,2020-04-21 04:46:07
21,Ivory Conrad,1995-01-14,Female,South Korea,2020-08-19 15:43:33
47,Doris Chaney,1988-12-17,Female,South Korea,2020-05-24 19:15:18
35,Xantha Reeves,2007-02-25,Female,United States,2020-09-05 17:58:59
